{"cameraMode":{"drawMode":0,"name":"Shaded","section":"Shading Mode"},"sceneLighting":false,"audioPlay":false,"sceneViewState":{"showFog":true,"showMaterialUpdate":true,"showSkybox":true,"showFlares":true,"showImageEffects":true,"showParticleSystems":true},"in2DMode":false,"pivot":{"x":0.002749251201748848,"y":0.015010703355073929,"z":-0.0008646547794342041},"rotation":{"x":0.10685507208108902,"y":-0.078960120677948,"z":0.008510047569870949,"w":0.9911106824874878},"size":0.18775975704193116,"orthographic":false}