{"cameraMode":{"drawMode":0,"name":"Shaded","section":"Shading Mode"},"sceneLighting":false,"audioPlay":false,"sceneViewState":{"showFog":true,"showMaterialUpdate":false,"showSkybox":true,"showFlares":true,"showImageEffects":true,"showParticleSystems":true},"in2DMode":false,"pivot":{"x":4.76837158203125e-7,"y":8.154400825500489,"z":9.5367431640625e-7},"rotation":{"x":-0.15727785229682923,"y":0.839350700378418,"z":-0.32458728551864626,"w":-0.4066994786262512},"size":32.008296966552737,"orthographic":false}