{"cameraMode":{"drawMode":0,"name":"Shaded","section":"Shading Mode"},"sceneLighting":false,"audioPlay":false,"sceneViewState":{"showFog":true,"showMaterialUpdate":false,"showSkybox":true,"showFlares":true,"showImageEffects":true,"showParticleSystems":true},"in2DMode":false,"pivot":{"x":0.861757755279541,"y":1.8709888458251954,"z":0.6731610298156738},"rotation":{"x":0.23810571432113648,"y":0.39495575428009035,"z":-0.10676048696041107,"w":0.8808647990226746},"size":12.457794189453125,"orthographic":false}