{"cameraMode":{"drawMode":0,"name":"Shaded","section":"Shading Mode"},"sceneLighting":false,"audioPlay":false,"sceneViewState":{"showFog":true,"showMaterialUpdate":false,"showSkybox":true,"showFlares":true,"showImageEffects":true,"showParticleSystems":true},"in2DMode":false,"pivot":{"x":0.19335579872131349,"y":0.4536418914794922,"z":-0.13119733333587647},"rotation":{"x":0.1401088386774063,"y":0.6721423268318176,"z":-0.13170750439167024,"w":0.7150170207023621},"size":2.700057029724121,"orthographic":false}