{"cameraMode":{"drawMode":0,"name":"Shaded","section":"Shading Mode"},"sceneLighting":false,"audioPlay":false,"sceneViewState":{"showFog":true,"showMaterialUpdate":false,"showSkybox":true,"showFlares":true,"showImageEffects":true,"showParticleSystems":true},"in2DMode":false,"pivot":{"x":0.00039774179458618164,"y":1.0435364246368409,"z":-0.08981692790985108},"rotation":{"x":0.011771119199693203,"y":0.9453186988830566,"z":-0.3241223096847534,"w":0.034331101924180987},"size":4.029689311981201,"orthographic":false}