{"cameraMode":{"drawMode":0,"name":"Shaded","section":"Shading Mode"},"sceneLighting":true,"audioPlay":false,"sceneViewState":{"showFog":true,"showMaterialUpdate":false,"showSkybox":true,"showFlares":true,"showImageEffects":true,"showParticleSystems":true},"in2DMode":false,"pivot":{"x":-0.5363608598709106,"y":-4.451173305511475,"z":3.5748820304870607},"rotation":{"x":-0.35934439301490786,"y":0.23872996866703034,"z":-0.09562699496746063,"w":-0.8970746994018555},"size":6.587066173553467,"orthographic":false}