{"cameraMode":{"drawMode":0,"name":"Shaded","section":"Shading Mode"},"sceneLighting":false,"audioPlay":false,"sceneViewState":{"showFog":true,"showMaterialUpdate":false,"showSkybox":true,"showFlares":true,"showImageEffects":true,"showParticleSystems":true},"in2DMode":false,"pivot":{"x":-0.000048920512199401855,"y":0.4244174361228943,"z":0.005315802991390228},"rotation":{"x":-0.21817916631698609,"y":-0.7292429208755493,"z":0.26976507902145388,"w":-0.589811384677887},"size":1.1491174697875977,"orthographic":false}