{"cameraMode":{"drawMode":0,"name":"Shaded","section":"Shading Mode"},"sceneLighting":false,"audioPlay":false,"sceneViewState":{"showFog":true,"showMaterialUpdate":false,"showSkybox":true,"showFlares":true,"showImageEffects":true,"showParticleSystems":true},"in2DMode":false,"pivot":{"x":0.2543954849243164,"y":0.6120198965072632,"z":-0.07255306839942932},"rotation":{"x":0.1401088386774063,"y":0.6721423268318176,"z":-0.13170750439167024,"w":0.7150170207023621},"size":4.663093090057373,"orthographic":false}