{"cameraMode":{"drawMode":0,"name":"Shaded","section":"Shading Mode"},"sceneLighting":false,"audioPlay":false,"sceneViewState":{"showFog":true,"showMaterialUpdate":false,"showSkybox":true,"showFlares":true,"showImageEffects":true,"showParticleSystems":true},"in2DMode":false,"pivot":{"x":0.00001178482489194721,"y":0.00002961101199616678,"z":0.000004950284164806362},"rotation":{"x":0.1401088386774063,"y":0.6721423268318176,"z":-0.13170750439167024,"w":0.7150170207023621},"size":0.9000571966171265,"orthographic":false}