{"cameraMode":{"drawMode":0,"name":"Shaded","section":"Shading Mode"},"sceneLighting":false,"audioPlay":false,"sceneViewState":{"showFog":true,"showMaterialUpdate":false,"showSkybox":true,"showFlares":true,"showImageEffects":true,"showParticleSystems":true},"in2DMode":false,"pivot":{"x":0.0,"y":0.3869999647140503,"z":-0.10400000214576721},"rotation":{"x":-0.15727785229682923,"y":0.839350700378418,"z":-0.32458728551864626,"w":-0.4066994786262512},"size":4.0051469802856449,"orthographic":false}