{"cameraMode":{"drawMode":0,"name":"Shaded","section":"Shading Mode"},"sceneLighting":false,"audioPlay":false,"sceneViewState":{"showFog":true,"showMaterialUpdate":false,"showSkybox":true,"showFlares":true,"showImageEffects":true,"showParticleSystems":true},"in2DMode":false,"pivot":{"x":0.0,"y":-1.2249999046325684,"z":1.3999998569488526},"rotation":{"x":0.22087368369102479,"y":0.49193981289863589,"z":-0.13060353696346284,"w":0.8319594264030457},"size":17.463603973388673,"orthographic":false}