{"cameraMode":{"drawMode":0,"name":"Shaded","section":"Shading Mode"},"sceneLighting":false,"audioPlay":false,"sceneViewState":{"showFog":true,"showMaterialUpdate":false,"showSkybox":true,"showFlares":true,"showImageEffects":true,"showParticleSystems":true},"in2DMode":false,"pivot":{"x":1387.7886962890625,"y":-43.106719970703128,"z":-177.04638671875},"rotation":{"x":0.07343253493309021,"y":-0.005984046030789614,"z":0.00044067128328606486,"w":0.9972827434539795},"size":872.283203125,"orthographic":false}