{"cameraMode":{"drawMode":0,"name":"Shaded","section":"Shading Mode"},"sceneLighting":false,"audioPlay":false,"sceneViewState":{"showFog":true,"showMaterialUpdate":false,"showSkybox":true,"showFlares":true,"showImageEffects":true,"showParticleSystems":true},"in2DMode":false,"pivot":{"x":0.4634816646575928,"y":0.7442684173583984,"z":-0.9851080775260925},"rotation":{"x":0.17588071525096894,"y":-0.7218131422996521,"z":0.19860221445560456,"w":0.639229953289032},"size":2.7284436225891115,"orthographic":false}